-- phpMyAdmin SQL Dump
-- version 4.6.5.2
-- https://www.phpmyadmin.net/
--
-- Host: 127.0.0.1
-- Generation Time: Sep 10, 2018 at 11:40 AM
-- Server version: 10.1.21-MariaDB
-- PHP Version: 5.6.30

SET SQL_MODE = "NO_AUTO_VALUE_ON_ZERO";
SET time_zone = "+00:00";


/*!40101 SET @OLD_CHARACTER_SET_CLIENT=@@CHARACTER_SET_CLIENT */;
/*!40101 SET @OLD_CHARACTER_SET_RESULTS=@@CHARACTER_SET_RESULTS */;
/*!40101 SET @OLD_COLLATION_CONNECTION=@@COLLATION_CONNECTION */;
/*!40101 SET NAMES utf8mb4 */;

--
-- Database: `forumchat`
--

-- --------------------------------------------------------

--
-- Table structure for table `categories`
--

CREATE TABLE `categories` (
  `cat_id` int(8) NOT NULL,
  `cat_name` varchar(255) NOT NULL,
  `cat_description` varchar(255) NOT NULL
) ENGINE=InnoDB DEFAULT CHARSET=latin1;

--
-- Dumping data for table `categories`
--

INSERT INTO `categories` (`cat_id`, `cat_name`, `cat_description`) VALUES
(1, 'Foods', 'Discuss your favorite foods here'),
(2, 'Movies', 'Discuss your favorite movie genres here'),
(4, 'Music', 'Discuss your favorite music genres');

-- --------------------------------------------------------

--
-- Table structure for table `posts`
--

CREATE TABLE `posts` (
  `post_id` int(8) NOT NULL,
  `post_content` text NOT NULL,
  `post_date` datetime NOT NULL,
  `post_topic` int(8) NOT NULL,
  `post_by` int(8) NOT NULL
) ENGINE=InnoDB DEFAULT CHARSET=latin1;

--
-- Dumping data for table `posts`
--

INSERT INTO `posts` (`post_id`, `post_content`, `post_date`, `post_topic`, `post_by`) VALUES
(1, 'Where can I buy a birthday cake in Port-Harcourt?', '2018-09-10 06:38:07', 1, 1),
(2, 'Maybe you could try Happy Bite', '2018-09-10 10:17:53', 1, 2),
(3, 'I need a list of adventure movies like Harry Potter.', '2018-09-10 10:24:48', 2, 2);

-- --------------------------------------------------------

--
-- Table structure for table `topics`
--

CREATE TABLE `topics` (
  `topic_id` int(8) NOT NULL,
  `topic_subject` varchar(255) NOT NULL,
  `topic_date` datetime NOT NULL,
  `topic_cat` int(8) NOT NULL,
  `topic_by` int(8) NOT NULL
) ENGINE=InnoDB DEFAULT CHARSET=latin1;

--
-- Dumping data for table `topics`
--

INSERT INTO `topics` (`topic_id`, `topic_subject`, `topic_date`, `topic_cat`, `topic_by`) VALUES
(1, 'Cake', '2018-09-10 06:38:07', 1, 1),
(2, 'Adventure Movies', '2018-09-10 10:24:48', 2, 2);

-- --------------------------------------------------------

--
-- Table structure for table `users`
--

CREATE TABLE `users` (
  `user_id` int(8) NOT NULL,
  `user_name` varchar(30) NOT NULL,
  `user_pass` varchar(255) NOT NULL,
  `user_email` varchar(255) NOT NULL,
  `user_date` datetime NOT NULL,
  `user_level` int(8) NOT NULL
) ENGINE=InnoDB DEFAULT CHARSET=latin1;

--
-- Dumping data for table `users`
--

INSERT INTO `users` (`user_id`, `user_name`, `user_pass`, `user_email`, `user_date`, `user_level`) VALUES
(1, 'Barbara', '60dfc62bd44f6c8ab7b20dc5cd8f0e97a8656aee', 'barbara@gmail.com', '2018-09-10 05:55:36', 1),
(2, 'Clifford', 'aa0e5d008cb6ef2f3e0921cb4e0440e7184425b3', 'clifford@gmail.com', '2018-09-10 10:16:16', 0);

--
-- Indexes for dumped tables
--

--
-- Indexes for table `categories`
--
ALTER TABLE `categories`
  ADD PRIMARY KEY (`cat_id`),
  ADD UNIQUE KEY `cat_name_unique` (`cat_name`);

--
-- Indexes for table `posts`
--
ALTER TABLE `posts`
  ADD PRIMARY KEY (`post_id`),
  ADD KEY `post_topic` (`post_topic`),
  ADD KEY `post_by` (`post_by`);

--
-- Indexes for table `topics`
--
ALTER TABLE `topics`
  ADD PRIMARY KEY (`topic_id`),
  ADD KEY `topic_cat` (`topic_cat`),
  ADD KEY `topic_by` (`topic_by`);

--
-- Indexes for table `users`
--
ALTER TABLE `users`
  ADD PRIMARY KEY (`user_id`),
  ADD UNIQUE KEY `user_name_unique` (`user_name`);

--
-- AUTO_INCREMENT for dumped tables
--

--
-- AUTO_INCREMENT for table `categories`
--
ALTER TABLE `categories`
  MODIFY `cat_id` int(8) NOT NULL AUTO_INCREMENT, AUTO_INCREMENT=5;
--
-- AUTO_INCREMENT for table `posts`
--
ALTER TABLE `posts`
  MODIFY `post_id` int(8) NOT NULL AUTO_INCREMENT, AUTO_INCREMENT=4;
--
-- AUTO_INCREMENT for table `topics`
--
ALTER TABLE `topics`
  MODIFY `topic_id` int(8) NOT NULL AUTO_INCREMENT, AUTO_INCREMENT=3;
--
-- AUTO_INCREMENT for table `users`
--
ALTER TABLE `users`
  MODIFY `user_id` int(8) NOT NULL AUTO_INCREMENT, AUTO_INCREMENT=3;
--
-- Constraints for dumped tables
--

--
-- Constraints for table `posts`
--
ALTER TABLE `posts`
  ADD CONSTRAINT `posts_ibfk_1` FOREIGN KEY (`post_topic`) REFERENCES `topics` (`topic_id`) ON DELETE CASCADE ON UPDATE CASCADE,
  ADD CONSTRAINT `posts_ibfk_2` FOREIGN KEY (`post_by`) REFERENCES `users` (`user_id`) ON UPDATE CASCADE;

--
-- Constraints for table `topics`
--
ALTER TABLE `topics`
  ADD CONSTRAINT `topics_ibfk_1` FOREIGN KEY (`topic_cat`) REFERENCES `categories` (`cat_id`) ON DELETE CASCADE ON UPDATE CASCADE,
  ADD CONSTRAINT `topics_ibfk_2` FOREIGN KEY (`topic_by`) REFERENCES `users` (`user_id`) ON UPDATE CASCADE;

/*!40101 SET CHARACTER_SET_CLIENT=@OLD_CHARACTER_SET_CLIENT */;
/*!40101 SET CHARACTER_SET_RESULTS=@OLD_CHARACTER_SET_RESULTS */;
/*!40101 SET COLLATION_CONNECTION=@OLD_COLLATION_CONNECTION */;
